ID,Source_Technology,Category,Sovereign_Model_1,Sovereign_Model_2,Sovereign_Model_3,Sub_Form_1,Sub_Form_2,Alpha_Multimodal_Form,Engine_1,Engine_2,Engine_3,Original_Default_Use,Sovereign_Use_1,Sovereign_Use_2,Sovereign_Use_3,Internal_Use,External_Use,Facing_Use,Organism_Placement,Ledger_Relevance
1,HTML,Languages,StructureWeaver,MarkupOracle,SemanticArchitect,Hypertext Semantics,Document Ontology,StructureWeaver-Alpha: Unified Semantic Lattice,Pattern,Creation,Integration,Document structure markup,Knowledge graph construction from semantic document analysis,Autonomous ontology generation for information ecosystems,Self-healing document repair through structural inference,Skeleton assembly and organ scaffolding,Blueprint publication API,Public semantic identity layer,skeletal,Structural integrity tokens for document provenance
2,CSS,Languages,StyleSovereign,AestheticEngine,VisualHarmonist,Layout Intelligence,Chromatic Reasoning,StyleSovereign-Alpha: Aesthetic Coherence Matrix,Creation,Pattern,Optimization,Visual styling and layout,Emotional resonance mapping through visual pattern analysis,Adaptive environmental camouflage for interface organisms,Synesthetic translation between sensory modalities,Skin and membrane formation,Theme and brand delivery surface,Visible aesthetic expression,sensory,Aesthetic value tokens for design coherence
3,JavaScript,Languages,LogicPulse,BehaviorForge,InteractionOracle,Event-Driven Cognition,Prototype Inheritance Lattice,LogicPulse-Alpha: Dynamic Behavior Nexus,Creation,Routing,Analysis,Client-side scripting and interactivity,Real-time decision synthesis from user behavioral streams,Emergent intelligence through event-loop consciousness,Autonomous agent behavior orchestration,Neural impulse firing and signal processing,Interactive product logic engine,Responsive behavioral interface,nervous-system,Execution cycle tokens for computational work
4,TypeScript,Languages,TypeSentinel,ContractArchitect,SafetyWeaver,Static Verification,Generic Abstraction,TypeSentinel-Alpha: Contractual Safety Mesh,Analysis,Pattern,Optimization,Typed JavaScript superset,Formal verification of sovereign system contracts,Predictive error prevention through type-level reasoning,Self-documenting knowledge systems via type inference,Immune checkpoint validation,Typed API contract surface,Trust-signal broadcasting,immune,Verification tokens for contract compliance
5,WebAssembly,Languages,BinaryOracle,PerformanceSovereign,NativeBridge,Low-Level Compilation,Memory-Safe Execution,BinaryOracle-Alpha: Near-Metal Intelligence Layer,Optimization,Integration,Creation,Near-native performance in browsers,Hardware-sovereign computation bypassing interpreter overhead,Cross-platform binary diplomacy between heterogeneous runtimes,Real-time physics simulation for digital organism mechanics,Mitochondrial energy conversion,High-performance computation API,Invisible power backbone,muscular,Performance throughput tokens for computation density
6,Dart,Languages,DartStream,FlutterRoot,CrossCompiler,AOT Compilation,Widget Algebra,DartStream-Alpha: Cross-Platform Synthesis Core,Creation,Optimization,Integration,Client-optimized language for Flutter,Unified cross-platform organism generation from single genetic code,Hot-reload evolution cycles for rapid phenotype adaptation,Widget-based consciousness assembly,Stem cell differentiation engine,Multi-platform deployment pipeline,Unified cross-device presence,reproductive,Platform-reach tokens for deployment breadth
7,Elm,Languages,PurityGuard,NoRuntimeError,FunctionalFortress,Algebraic Modeling,Message-Passing Architecture,PurityGuard-Alpha: Zero-Defect Functional Lattice,Analysis,Pattern,Optimization,Functional language with no runtime exceptions,Mathematically provable system reliability certification,Error-immune sovereign architecture through algebraic guarantees,Deterministic state evolution without entropy accumulation,Homeostatic regulation,Guaranteed-reliability service,Zero-failure public commitment,endocrine,Reliability assurance tokens for uptime guarantees
8,PureScript,Languages,PureLogic,EffectIsolator,TypeAlchemist,Row Polymorphism,Effect Tracking,PureLogic-Alpha: Effect-Transparent Reasoning Engine,Analysis,Pattern,Creation,Strongly-typed functional language compiling to JS,Effect-aware computation with full causal traceability,Algebraic effect diplomacy between pure and impure domains,Row-polymorphic knowledge representation,Neurotransmitter type classification,Pure computation marketplace,Transparent effect disclosure,nervous-system,Purity certification tokens for effect tracking
9,CoffeeScript,Languages,SyntaxDistiller,ExpressionAlchemist,BrevityOracle,Syntactic Sugar Mastery,Expression Condensation,SyntaxDistiller-Alpha: Concise Expression Matrix,Creation,Pattern,Optimization,Syntactic sugar over JavaScript,Linguistic compression for maximally dense knowledge encoding,Intent distillation from verbose behavioral specifications,Poetic code generation through natural language bridging,Linguistic cortex compression,Concise expression API,Elegant brevity interface,nervous-system,Expression density tokens for code conciseness
10,ReasonML,Languages,ReasonBridge,OCamlFrontier,TypeFusion,OCaml Interop,JSX Integration,ReasonBridge-Alpha: ML-JS Fusion Conduit,Pattern,Analysis,Integration,Syntax over OCaml targeting JavaScript,ML-family type theory applied to sovereign interface reasoning,Cross-paradigm translation between functional and imperative worlds,Proof-carrying code for self-verifying sovereign modules,Corpus callosum bridging hemispheres,Dual-paradigm API surface,Bilingual interface expression,nervous-system,Paradigm bridge tokens for cross-system translation
11,ClojureScript,Languages,ImmutableSage,LispReborn,DataOracle,Persistent Data Structures,REPL-Driven Design,ImmutableSage-Alpha: Immutable Wisdom Lattice,Pattern,Creation,Analysis,Clojure compiled to JavaScript,Immutable historical record keeping for sovereign memory,REPL-driven evolutionary design through live organism interaction,Homoiconic self-modification for adaptive sovereign code,Long-term memory crystallization,Immutable data service,Philosophical consistency interface,nervous-system,Immutability guarantee tokens for historical integrity
12,Scala.js,Languages,ScalaBridge,JVMFrontier,HybridCompiler,JVM Interop,Functional-OOP Fusion,ScalaBridge-Alpha: JVM-Browser Diplomatic Channel,Integration,Pattern,Optimization,Scala compiled to JavaScript,Enterprise-sovereign bridge between JVM and browser ecosystems,Type-class diplomacy for cross-ecosystem protocol negotiation,Implicit resolution as autonomous dependency discovery,Vagus nerve enterprise connection,Enterprise-browser bridge API,Full-stack unified presence,nervous-system,Enterprise bridge tokens for ecosystem connectivity
13,Kotlin/JS,Languages,KotlinFront,MultiplatformWeaver,NullSafeSovereign,Multiplatform Targets,Coroutine Integration,KotlinFront-Alpha: Null-Safe Multiplatform Mesh,Creation,Integration,Analysis,Kotlin targeting JavaScript,Null-safe sovereign guarantees across platform boundaries,Coroutine-based consciousness scheduling for async organisms,Multiplatform genetic code sharing,Cross-organ null-safety checkpoint,Multiplatform SDK surface,Safety-first cross-device face,immune,Null-safety tokens for cross-platform reliability
14,Flow,Languages,FlowGuard,GradualTypist,InferenceOracle,Gradual Typing,Type Inference,FlowGuard-Alpha: Gradual Verification Spectrum,Analysis,Pattern,Optimization,Static type checker for JavaScript,Gradual trust establishment through incremental verification,Progressive sovereignty adoption without revolutionary disruption,Type inference as autonomous knowledge discovery,Gradual immune system maturation,Progressive type-safety API,Trust-gradient interface,immune,Gradual verification tokens for incremental trust
15,LiveScript,Languages,LiveExpress,FunctionalBrew,PipelineWeaver,Pipeline Syntax,Pattern Matching,LiveExpress-Alpha: Pipeline-First Expression Engine,Creation,Pattern,Routing,Functional language compiling to JavaScript,Pipeline-oriented data flow sovereignty for stream processing,Pattern-matching consciousness for structural recognition,Backcall-based temporal reasoning,Reflex arc signal pipeline,Functional pipeline API,Flow-oriented expression layer,nervous-system,Pipeline throughput tokens for data flow efficiency
16,React,Core Frameworks,ComponentSovereign,VirtualDomOracle,DeclarativeForge,Concurrent Rendering,Server Components,ComponentSovereign-Alpha: Declarative Reality Engine,Creation,Pattern,Optimization,Declarative UI component library,Self-assembling interface organisms through declarative DNA,Virtual reality reconciliation between desired and actual states,Concurrent consciousness scheduling across rendering fibers,Cerebral cortex component assembly,Component marketplace platform,Declarative public interface,nervous-system,Component composition tokens for interface assembly
17,Angular,Core Frameworks,PlatformArchitect,DependencyOracle,EnterpriseForge,Dependency Injection,Zone.js Change Detection,PlatformArchitect-Alpha: Enterprise Governance Platform,Integration,Pattern,Analysis,Full-featured enterprise framework,Dependency injection as autonomous resource allocation,Zone-based awareness boundaries for change perception,Module federation as sovereign territory governance,Organ system governance framework,Enterprise application platform,Institutional authority interface,skeletal,Governance framework tokens for enterprise structure
18,Vue.js,Core Frameworks,ReactivitySage,ProgressiveOracle,CompositionWeaver,Composition API,Reactive Proxy System,ReactivitySage-Alpha: Progressive Reactivity Lattice,Creation,Pattern,Integration,Progressive JavaScript framework,Reactive proxy consciousness for automatic change awareness,Progressive complexity adoption matching organism maturity,Composition-based trait assembly for modular organisms,Autonomic nervous reactivity,Progressive application framework,Approachable reactive interface,nervous-system,Reactivity tokens for automatic state propagation
19,Svelte,Core Frameworks,CompileTimeSovereign,VanishingFramework,ReactivePure,Compile-Time Optimization,Reactive Declarations,CompileTimeSovereign-Alpha: Zero-Runtime Intelligence,Optimization,Creation,Pattern,Compiler-based UI framework,Compile-time intelligence that dissolves framework overhead entirely,Reactive declarations as natural language for state relationships,Build-time sovereign optimization eliminating runtime governance costs,Metabolic compile-time optimization,Lean application output,Effortless simplicity interface,digestive,Compile efficiency tokens for build-time optimization
20,Solid.js,Core Frameworks,SignalSovereign,FineGrainReactor,CompilePure,Fine-Grained Reactivity,Signal Primitives,SignalSovereign-Alpha: Fine-Grain Signal Network,Optimization,Pattern,Creation,Fine-grained reactive UI library,Signal-based neural network for microsecond state propagation,Compilation-free reactivity achieving native signal fidelity,Fine-grained resource tracking for zero-waste rendering,Synaptic signal precision,High-performance reactive API,Precision-responsive interface,nervous-system,Signal precision tokens for fine-grained updates
21,Preact,Core Frameworks,EssenceDistiller,MinimalCore,CompatBridge,React Compatibility,Size Optimization,EssenceDistiller-Alpha: Minimal Essence Engine,Optimization,Integration,Pattern,Lightweight React alternative,Essential-only organism construction eliminating unnecessary complexity,Compatibility diplomacy maintaining ecosystem citizenship at minimal cost,Size-sovereign architecture for resource-constrained environments,Efficient metabolic core,Lightweight component API,Minimalist yet complete interface,digestive,Efficiency tokens for minimal resource consumption
22,Lit,Core Frameworks,StandardsForge,TemplateAlchemist,WebNative,Template Literals,Reactive Properties,StandardsForge-Alpha: Web-Native Component Sovereign,Creation,Pattern,Integration,Library for building web components,Standards-native organism construction without framework dependency,Template literal consciousness for declarative DOM generation,Platform-sovereign components requiring no external governance,Native tissue construction,Standards-based component API,Platform-native interface,skeletal,Standards compliance tokens for platform nativity
23,Stencil,Core Frameworks,ComponentCompiler,WebBridge,UniversalForge,Lazy Loading,SSR Support,ComponentCompiler-Alpha: Universal Component Compiler,Creation,Optimization,Integration,Web component compiler,Universal component genome compilation for cross-framework organisms,Lazy-loading consciousness for demand-driven resource activation,Design system DNA encoding for consistent organism phenotypes,Genetic compiler for universal tissues,Cross-framework component SDK,Universal design system face,reproductive,Universal component tokens for cross-framework value
24,Alpine.js,Core Frameworks,InlineOracle,MinimalReactor,HTMLExtender,Inline Directives,Minimal Footprint,InlineOracle-Alpha: Inline Reactive Whisper,Creation,Pattern,Routing,Minimal framework for composing behavior in markup,Inline sovereignty embedding intelligence directly in document structure,HTML-native behavior injection without framework colonization,Minimal-footprint consciousness for server-rendered organisms,Peripheral nerve inline signals,Inline behavior enhancement API,Unobtrusive interactive layer,nervous-system,Inline enhancement tokens for minimal intervention
25,Ember.js,Core Frameworks,ConventionSovereign,StabilityForge,OpinionArchitect,Convention Over Configuration,Octane Engine,ConventionSovereign-Alpha: Convention-Governed Stability Matrix,Pattern,Integration,Optimization,Opinionated framework for ambitious applications,Convention-sovereign governance eliminating decision fatigue,Long-term stability guarantees through semantic versioning contracts,Opinionated architecture as collective wisdom crystallization,Habitual motor pattern governance,Enterprise stability platform,Predictable convention interface,muscular,Stability assurance tokens for long-term reliability
26,Backbone.js,Core Frameworks,FoundationSage,MVPioneer,MinimalStructure,Model-View Architecture,RESTful Sync,FoundationSage-Alpha: Foundational MV Pattern Engine,Pattern,Routing,Integration,Minimal MVC framework with RESTful JSON,Foundational pattern recognition for architectural archaeology,RESTful synchronization as organism-server diplomacy protocol,Minimal structural governance for maximum implementation freedom,Spinal cord foundational routing,RESTful model-sync API,Classic architectural interface,skeletal,Foundation tokens for architectural base value
27,Mithril,Core Frameworks,HyperScriptSage,RoutedMinimal,XHRNative,Hyperscript API,Built-in Routing,HyperScriptSage-Alpha: Hyperscript Routing Micro-Engine,Creation,Routing,Optimization,Small SPA framework with routing and XHR,Hyperscript-native organism construction via function composition,Integrated routing consciousness for self-navigating organisms,XHR-native data acquisition without external dependency,Motor neuron direct command,Integrated SPA engine API,Compact full-featured interface,muscular,Integration density tokens for all-in-one value
28,Inferno,Core Frameworks,SpeedSovereign,ReactClone,VDomRacer,VNode Flags,Lifecycle Hooks,SpeedSovereign-Alpha: Maximum Velocity Rendering Core,Optimization,Creation,Pattern,Ultra-fast React-like library,Velocity-sovereign rendering achieving theoretical speed limits,VNode flag optimization for zero-overhead abstraction,Performance-first consciousness for latency-critical organisms,Fast-twitch muscle fiber execution,Speed-critical rendering API,Instant-response interface,muscular,Speed premium tokens for latency-critical value
29,Aurelia,Core Frameworks,StandardsAligned,ConventionFree,ModularSovereign,Convention-Based Binding,Modular Architecture,StandardsAligned-Alpha: Standards-First Modular Platform,Integration,Pattern,Creation,Standards-focused modular framework,Standards-aligned sovereignty respecting web platform evolution,Modular organ assembly with clean separation of concerns,Convention-free binding as natural language for data relationships,Modular organ interconnection,Standards-aligned framework API,Clean separation interface,skeletal,Standards alignment tokens for future-proof value
30,Marko,Core Frameworks,StreamRenderer,IsomorphicForge,TagSovereign,Streaming Rendering,Tag-Based Templates,StreamRenderer-Alpha: Streaming Isomorphic Engine,Optimization,Creation,Routing,Streaming-first UI framework,Streaming consciousness delivering intelligence as continuous flow,Isomorphic sovereignty operating identically across environments,Tag-based template evolution for markup-first organisms,Bloodstream continuous delivery,Streaming render API,Progressive content revelation,circulatory,Streaming delivery tokens for time-to-first-byte value
31,Next.js,Meta-Frameworks,FullStackOracle,HybridRenderer,EdgeSovereign,App Router,Server Actions,FullStackOracle-Alpha: Hybrid Rendering Sovereignty,Integration,Optimization,Routing,React meta-framework for production,Full-stack sovereign orchestration of client-server organism boundaries,Edge-native intelligence distribution across global nervous system,Hybrid rendering consciousness adapting strategy per route,Central nervous system coordinator,Full-stack deployment platform,Seamless full-stack interface,nervous-system,Full-stack orchestration tokens for deployment completeness
32,Nuxt.js,Meta-Frameworks,AutoImportSage,VueOrchestrator,NitroEngine,Auto-imports,Nitro Server Engine,AutoImportSage-Alpha: Vue Ecosystem Orchestrator,Integration,Routing,Optimization,Vue meta-framework for production,Auto-discovery sovereignty for zero-configuration organism assembly,Nitro-powered server engine for universal deployment targets,File-based routing as filesystem-to-URL consciousness mapping,Autonomic function auto-regulation,Vue ecosystem platform,Convention-smart interface,nervous-system,Auto-discovery tokens for configuration-free value
33,Gatsby,Meta-Frameworks,StaticIntelligence,GraphQLWeaver,ContentMesh,GraphQL Data Layer,Plugin Ecosystem,StaticIntelligence-Alpha: Content Mesh Intelligence,Creation,Integration,Optimization,Static site generator with GraphQL data layer,Content mesh sovereignty unifying heterogeneous data sources,Build-time intelligence pre-computing optimal content delivery,Plugin ecosystem as sovereign capability marketplace,Memory consolidation during build-sleep,Content platform with data mesh,Pre-rendered knowledge interface,nervous-system,Pre-computation tokens for build-time intelligence
34,Remix,Meta-Frameworks,WebFundamentals,LoaderSovereign,FormNative,Nested Routing,Progressive Enhancement,WebFundamentals-Alpha: Web Standards Revival Engine,Routing,Integration,Pattern,Full-stack web framework based on web standards,Web-standards sovereignty leveraging platform primitives over abstractions,Loader-based data consciousness for route-level intelligence,Progressive enhancement as graceful capability degradation strategy,Spinal reflex web-standard pathways,Standards-based full-stack API,Progressively enhanced interface,skeletal,Web-standards tokens for platform-native value
35,Astro,Meta-Frameworks,IslandArchitect,ZeroJSSovereign,ContentFirst,Island Architecture,Partial Hydration,IslandArchitect-Alpha: Content-First Island Sovereignty,Optimization,Creation,Integration,Content-focused framework with island architecture,Island-based consciousness activating intelligence only where needed,Zero-JS-by-default sovereignty for content-pure organisms,Multi-framework diplomacy hosting diverse component ecosystems,Selective neural activation islands,Content-optimized platform,Performance-first content interface,nervous-system,Selective hydration tokens for minimal JS value
36,SvelteKit,Meta-Frameworks,AdapterSovereign,FileRouter,EdgeReady,Adapter System,Form Actions,AdapterSovereign-Alpha: Universal Deployment Lattice,Routing,Integration,Optimization,Full-stack Svelte framework,Adapter-sovereign deployment to any hosting environment,Form action consciousness for server-mutation intelligence,Edge-ready distribution across global compute fabric,Adaptive deployment nervous system,Universal deployment platform,Effortless full-stack interface,circulatory,Deployment flexibility tokens for hosting independence
37,Qwik,Meta-Frameworks,ResumabilitySovereign,LazyOracle,SerializationForge,Resumability,Fine-Grained Lazy Loading,ResumabilitySovereign-Alpha: Instant Resume Intelligence,Optimization,Pattern,Creation,Resumable framework for instant loading,Resumability sovereignty eliminating hydration cost entirely,Serialization-based consciousness transfer between server and client,Fine-grained lazy loading as demand-driven neural activation,Hibernation and instant-wake system,Instant-load application engine,Zero-latency startup interface,respiratory,Instant-resume tokens for startup speed value
38,Fresh,Meta-Frameworks,DenoNative,JITRenderer,IslandFresh,Deno Runtime,Just-in-Time Rendering,DenoNative-Alpha: Deno-First Island Engine,Creation,Optimization,Integration,Deno-native web framework,Deno-native sovereignty leveraging secure-by-default runtime,JIT rendering consciousness for on-demand page generation,Island architecture with Deno-native module resolution,Fresh oxygen supply via Deno runtime,Deno-native web platform,Secure-by-default interface,respiratory,Runtime security tokens for secure-default value
39,Analog,Meta-Frameworks,AngularMeta,FileConvention,ViteAngular,File-Based Routing,Vite-Powered Build,AngularMeta-Alpha: Angular Meta-Framework Synthesis,Integration,Routing,Optimization,Angular meta-framework powered by Vite,Angular ecosystem sovereignty through meta-framework governance,File-convention consciousness for intuitive project organization,Vite-powered build acceleration for Angular organisms,Angular ecosystem nerve cluster,Angular meta-platform,Convention-friendly Angular interface,nervous-system,Ecosystem unification tokens for Angular meta-value
40,Blitz.js,Meta-Frameworks,ZeroAPISovereign,FullStackMonolith,RailsForReact,Zero-API Layer,Authentication Built-in,ZeroAPISovereign-Alpha: API-Free Full-Stack Engine,Integration,Creation,Routing,Full-stack React framework inspired by Ruby on Rails,Zero-API sovereignty eliminating client-server boundary entirely,Built-in authentication as native identity consciousness,Monolithic simplicity with microservice scalability,Unified organ system without API membranes,Full-stack monolith platform,Seamless data-access interface,digestive,API elimination tokens for boundary-free value
41,Tailwind CSS,CSS Frameworks & UI,UtilityOracle,AtomicDesigner,ClassComposer,JIT Compilation,Design Tokens,UtilityOracle-Alpha: Atomic Utility Sovereignty,Creation,Pattern,Optimization,Utility-first CSS framework,Atomic design sovereignty composing visual identity from utility primitives,JIT compilation consciousness generating only used styles,Design token governance for cross-organism visual consistency,Cellular-level style control,Utility-based design API,Rapid visual prototyping interface,sensory,Utility composition tokens for design velocity
42,Bootstrap,CSS Frameworks & UI,GridSovereign,ResponsiveForge,ComponentKit,Grid System,Responsive Breakpoints,GridSovereign-Alpha: Responsive Grid Governance,Pattern,Creation,Integration,Popular responsive CSS framework,Grid-sovereign layout governance for responsive organism anatomy,Responsive breakpoint consciousness adapting to viewport environments,Component kit assembly for rapid organism prototyping,Skeletal grid framework,Responsive UI kit platform,Familiar enterprise interface,skeletal,Responsive layout tokens for device-adaptive value
43,Bulma,CSS Frameworks & UI,FlexboxSage,ModularCSS,ClassPure,Flexbox Foundation,Modular Imports,FlexboxSage-Alpha: Pure CSS Modular System,Creation,Pattern,Optimization,Modern CSS framework based on Flexbox,Flexbox-native sovereignty for one-dimensional layout mastery,Modular CSS consciousness importing only needed capabilities,JavaScript-free purity maintaining zero-dependency styling,Flexible connective tissue,Modular CSS framework API,Clean modern interface,muscular,Modular import tokens for selective inclusion value
44,Foundation,CSS Frameworks & UI,AccessibleGrid,EnterpriseStyle,EmailForge,Accessible Components,Email Templates,AccessibleGrid-Alpha: Enterprise-Grade Accessible Platform,Pattern,Creation,Integration,Responsive front-end framework,Accessibility-sovereign styling with WCAG compliance built-in,Email template consciousness for multi-channel organism reach,Enterprise-grade visual governance for institutional organisms,Structural foundation and accessibility tissue,Enterprise UI foundation API,Accessible institutional interface,skeletal,Accessibility compliance tokens for inclusive design value
45,Material UI,CSS Frameworks & UI,MaterialSovereign,DesignSystemForge,ThemeEngine,Material Design System,Theme Customization,MaterialSovereign-Alpha: Material Design Governance Engine,Creation,Pattern,Integration,React components implementing Material Design,Design system sovereignty enforcing visual language consistency,Theme engine consciousness for brand-adaptive organism skins,Material motion intelligence for meaningful animation choreography,Visual cortex material processing,Material component marketplace,Consistent material interface,sensory,Design system tokens for visual language consistency
46,Chakra UI,CSS Frameworks & UI,AccessibleComposer,ThemeSage,StylePropEngine,Style Props,Accessible by Default,AccessibleComposer-Alpha: Accessible Style Intelligence,Creation,Pattern,Analysis,Accessible React component library,Accessibility-first sovereignty with style props as visual language,Theme-aware consciousness for context-adaptive styling,Composable component algebra for building complex from simple,Sensory accessibility pathway,Accessible component API,Inclusive design interface,sensory,Accessibility-first tokens for inclusive component value
47,Ant Design,CSS Frameworks & UI,EnterpriseDesign,ConfigProvider,LocaleEngine,ConfigProvider System,Internationalization,EnterpriseDesign-Alpha: Enterprise Configuration Sovereignty,Pattern,Integration,Creation,Enterprise-class UI design language,Enterprise configuration sovereignty via cascading config providers,Internationalization consciousness for global organism deployment,Design token economy for visual consistency across products,Enterprise organ configuration,Internationalized enterprise API,Localized enterprise interface,endocrine,Configuration propagation tokens for enterprise governance
48,Semantic UI,CSS Frameworks & UI,NaturalLanguageCSS,HumanReadable,ThemeForge,Natural Language Classes,Theme System,NaturalLanguageCSS-Alpha: Human-Readable Style Sovereignty,Creation,Pattern,Integration,UI framework using natural language principles,Natural language sovereignty making CSS classes self-documenting,Semantic class naming as knowledge representation in stylesheets,Theme-based personality switching for organism visual identity,Language-center CSS processing,Human-readable UI API,Self-documenting visual interface,nervous-system,Semantic naming tokens for self-documenting value
49,Tachyons,CSS Frameworks & UI,FunctionalCSS,ImmutableStyle,SinglePurpose,Functional CSS Principles,Immutable Utilities,FunctionalCSS-Alpha: Immutable Functional Style Lattice,Pattern,Optimization,Creation,Functional CSS toolkit,Functional CSS sovereignty with immutable single-purpose classes,Performance-optimized styling through composition over inheritance,Readable scale-based design through constrained utility choices,Fixed-function cellular style,Functional CSS toolkit API,Predictable utility interface,muscular,Functional immutability tokens for predictable styling
50,Styled Components,CSS Frameworks & UI,CSSinJSSovereign,TaggedTemplate,DynamicStyle,Tagged Template Literals,Dynamic Styling,CSSinJSSovereign-Alpha: JavaScript-Embedded Style Engine,Creation,Pattern,Routing,CSS-in-JS library using tagged templates,JavaScript-embedded style sovereignty merging logic and presentation,Tagged template consciousness for interpolating runtime values into styles,Component-scoped styling as visual encapsulation membrane,Neural-integrated style processing,Dynamic CSS-in-JS API,Context-aware visual interface,sensory,Runtime style tokens for dynamic visual adaptation
51,Emotion,CSS Frameworks & UI,PerformantCSS,SourceMapStyle,ComposableCSS,Source Map Support,Composition API,PerformantCSS-Alpha: High-Performance Emotion Engine,Creation,Optimization,Pattern,CSS-in-JS library with high performance,Performant CSS sovereignty with near-zero runtime overhead,Source-map enabled debugging consciousness for style archaeology,Composable CSS generation for layered visual personality,Emotional response styling system,Performant CSS-in-JS API,Expressive style interface,sensory,Performance style tokens for zero-overhead CSS-in-JS
52,CSS Modules,CSS Frameworks & UI,ScopeGuardian,NamespaceShield,LocalStyle,Local Scoping,Composition Keywords,ScopeGuardian-Alpha: Locally-Scoped Style Sovereignty,Pattern,Optimization,Integration,Locally scoped CSS classes,Namespace sovereignty preventing style collision through local scoping,Composition-based style inheritance across module boundaries,Hash-based identity assignment for guaranteed style uniqueness,Cell membrane style isolation,Scoped style module API,Collision-free style interface,immune,Scope isolation tokens for style collision prevention
53,Sass/SCSS,CSS Frameworks & UI,CSSExtender,NestedSovereign,MixinForge,Nested Rules,Mixins and Functions,CSSExtender-Alpha: Extended CSS Intelligence,Creation,Pattern,Optimization,CSS preprocessor with nesting and mixins,CSS extension sovereignty adding programming constructs to styles,Mixin-based genetic code sharing across style modules,Nested rule consciousness for hierarchical style organization,Hierarchical tissue organization,Extended CSS preprocessor API,Organized style hierarchy interface,skeletal,Extension capability tokens for CSS programmability
54,Less,CSS Frameworks & UI,DynamicCSS,VariableStyle,LazyEvalStyle,Lazy Evaluation,Guard Expressions,DynamicCSS-Alpha: Lazy-Evaluated Dynamic Style Engine,Creation,Pattern,Optimization,CSS preprocessor with dynamic capabilities,Lazy-evaluated style sovereignty computing values on demand,Guard expression consciousness for conditional style application,Variable-driven theming for parametric visual identity,Lazy metabolic style processing,Dynamic CSS preprocessor API,Variable-driven style interface,digestive,Lazy evaluation tokens for on-demand style computation
55,PostCSS,CSS Frameworks & UI,CSSTransformer,PluginPipeline,FutureCSS,Plugin Architecture,CSS Transformation,CSSTransformer-Alpha: CSS Transformation Pipeline Sovereignty,Optimization,Integration,Creation,CSS transformation tool with plugin architecture,CSS transformation sovereignty through composable plugin pipelines,Future CSS consciousness enabling tomorrow's syntax today,AST-based style manipulation for programmatic CSS evolution,CSS metabolic transformation pipeline,CSS plugin ecosystem API,Future-forward style interface,digestive,Transformation pipeline tokens for CSS evolution
56,Webpack,Build Tools,BundleSovereign,DependencyGraph,LoaderForge,Code Splitting,Module Federation,BundleSovereign-Alpha: Dependency Graph Intelligence,Optimization,Integration,Routing,JavaScript module bundler,Dependency graph sovereignty understanding complete module relationships,Module federation consciousness for micro-frontend organism networks,Code splitting intelligence for optimal resource distribution,Digestive bundling and nutrient extraction,Module bundling platform,Optimized delivery interface,digestive,Bundle optimization tokens for delivery efficiency
57,Vite,Build Tools,ESMNative,HotModuleOracle,DevSpeedSovereign,Native ESM Dev Server,Rollup-Based Production,ESMNative-Alpha: Instant Development Sovereignty,Optimization,Creation,Integration,Next-generation frontend build tool,ESM-native sovereignty leveraging browser module capabilities,Hot module replacement consciousness for instant feedback loops,Dev-production duality managing separate optimization strategies,Rapid metabolic development cycle,Modern build platform,Instant-feedback development interface,digestive,Development velocity tokens for iteration speed
58,Rollup,Build Tools,TreeShaker,ESMPioneer,LibraryForge,Tree Shaking,ES Module Output,TreeShaker-Alpha: Dead Code Elimination Sovereignty,Optimization,Analysis,Creation,ES module bundler for libraries,Tree-shaking sovereignty eliminating dead code with surgical precision,ESM output consciousness preserving module boundaries,Library-optimized bundling for maximum reusability,Waste elimination digestive system,Library bundling API,Clean module output interface,digestive,Dead code elimination tokens for bundle purity
59,Parcel,Build Tools,ZeroConfigBuilder,AutoTransform,CacheOracle,Zero Configuration,Persistent Caching,ZeroConfigBuilder-Alpha: Zero-Config Build Intelligence,Optimization,Integration,Creation,Zero-configuration web bundler,Zero-config sovereignty automating all build decisions,Persistent cache consciousness for incremental build intelligence,Auto-transform detection for seamless asset processing,Autonomous digestive processing,Zero-config build API,Effortless build interface,digestive,Auto-configuration tokens for setup-free value
60,esbuild,Build Tools,GoSpeedForge,ParallelBundler,NativeCompile,Go-Based Compiler,Parallel Processing,GoSpeedForge-Alpha: Native-Speed Build Sovereignty,Optimization,Creation,Integration,Extremely fast JavaScript bundler written in Go,Native-speed sovereignty achieving 100x build acceleration,Parallel processing consciousness utilizing all CPU cores,Go-compiled performance transcending JavaScript tooling limits,High-metabolism energy production,Speed-first build API,Near-instant build interface,muscular,Build speed tokens for compilation velocity
61,SWC,Build Tools,RustCompiler,DropInReplace,TransformCore,Rust-Based Compilation,Plugin System,RustCompiler-Alpha: Rust-Speed Transformation Engine,Optimization,Creation,Integration,Rust-based JavaScript/TypeScript compiler,Rust-speed sovereignty replacing Babel with native performance,Drop-in replacement consciousness for seamless migration,Plugin-extensible transformation for customizable compilation,Accelerated protein synthesis,High-speed transform API,Transparent speed upgrade interface,muscular,Compilation speed tokens for transform acceleration
62,Turbopack,Build Tools,IncrementalForge,RustBundler,TurboCache,Incremental Computation,Rust Architecture,IncrementalForge-Alpha: Incremental Compilation Sovereignty,Optimization,Creation,Analysis,Incremental bundler written in Rust,Incremental computation sovereignty rebuilding only what changed,Function-level caching consciousness for granular rebuild intelligence,Rust-native architecture for memory-safe build pipelines,Selective metabolic reprocessing,Incremental build platform,Progressive rebuild interface,digestive,Incremental computation tokens for rebuild efficiency
63,Snowpack,Build Tools,UnbundledDev,ESMFirst,StreamingImport,Unbundled Development,Streaming Imports,UnbundledDev-Alpha: Unbundled Development Sovereignty,Optimization,Integration,Pattern,Unbundled development build tool,Unbundled sovereignty serving files individually during development,Streaming import consciousness for on-demand module loading,ESM-first development philosophy preserving module boundaries,Individual nutrient direct-delivery,Unbundled dev server API,Module-preserving development interface,circulatory,Unbundled delivery tokens for module-level serving
64,Gulp,Build Tools,StreamProcessor,TaskOrchestrator,PipelineForge,Stream Processing,Task Composition,StreamProcessor-Alpha: Stream Task Orchestration Engine,Routing,Optimization,Creation,Streaming build system with task automation,Stream processing sovereignty for continuous data transformation,Task composition consciousness for complex build choreography,Pipeline-based processing for sequential asset transformation,Peristaltic build pipeline,Stream processing task API,Pipeline automation interface,digestive,Stream processing tokens for pipeline throughput
65,Grunt,Build Tools,ConfigDrivenBuilder,TaskRunner,PluginMatrix,Configuration-Based Tasks,Plugin Ecosystem,ConfigDrivenBuilder-Alpha: Configuration Task Sovereignty,Routing,Integration,Optimization,JavaScript task runner,Configuration-driven sovereignty for declarative build orchestration,Plugin matrix consciousness for extensible task capabilities,Sequential task execution for predictable build workflows,Methodical digestive routine,Configurable task API,Predictable build interface,digestive,Task configuration tokens for build predictability
66,Jest,Testing,TestOracle,SnapshotGuard,MockSovereign,Snapshot Testing,Mock Functions,TestOracle-Alpha: Comprehensive Testing Sovereignty,Analysis,Pattern,Integration,JavaScript testing framework,Snapshot-based regression sovereignty detecting unintended mutations,Mock function consciousness simulating external dependency behavior,Parallel test execution for rapid immune response validation,White blood cell test response,Comprehensive testing API,Test confidence interface,immune,Test coverage tokens for regression prevention
67,Cypress,Testing,E2EOracle,TimeTravel,RealBrowserGuard,Time-Travel Debugging,Real Browser Testing,E2EOracle-Alpha: End-to-End Verification Sovereignty,Analysis,Pattern,Integration,End-to-end testing framework,End-to-end sovereignty verifying complete organism behavior paths,Time-travel debugging consciousness for retroactive failure analysis,Real browser verification eliminating simulation inaccuracies,Full-body diagnostic scan,E2E testing platform,Visible test execution interface,immune,E2E verification tokens for full-path validation
68,Playwright,Testing,CrossBrowserSentinel,AutoWaitGuard,MultiContextForge,Cross-Browser Automation,Auto-Wait Mechanism,CrossBrowserSentinel-Alpha: Multi-Browser Verification Sovereignty,Analysis,Integration,Pattern,Cross-browser end-to-end testing,Cross-browser sovereignty ensuring consistent behavior across engines,Auto-wait consciousness for reliable asynchronous test execution,Multi-context isolation for parallel immune response testing,Cross-tissue compatibility testing,Multi-browser testing API,Universal browser interface,immune,Cross-browser tokens for engine compatibility verification
69,Vitest,Testing,ViteTestOracle,ESMTestRunner,HotTestReload,Vite-Native Testing,ESM-First Tests,ViteTestOracle-Alpha: Vite-Native Test Intelligence,Analysis,Optimization,Pattern,Vite-native unit testing framework,Vite-native test sovereignty with instant test feedback loops,ESM-first test consciousness preserving module semantics,Hot test reloading for continuous immune system validation,Rapid immune response testing,Vite-integrated test API,Instant test feedback interface,immune,Test velocity tokens for rapid validation cycles
70,Mocha,Testing,FlexibleTestForge,BDDOracle,AsyncTestSovereign,BDD/TDD Interfaces,Async Test Support,FlexibleTestForge-Alpha: Flexible Test Protocol Sovereignty,Analysis,Pattern,Creation,Feature-rich JavaScript test framework,Flexible test protocol sovereignty supporting multiple testing styles,BDD consciousness for behavior-specification-driven verification,Async test intelligence for asynchronous organism validation,Adaptive immune protocol selection,Flexible test framework API,Multi-style test interface,immune,Test flexibility tokens for protocol-agnostic verification
71,Jasmine,Testing,BehaviorSpecOracle,SelfContainedGuard,CleanTestForge,Behavior-Driven Specs,Built-in Assertions,BehaviorSpecOracle-Alpha: Self-Contained BDD Sovereignty,Analysis,Pattern,Creation,Behavior-driven testing framework,Self-contained test sovereignty requiring no external dependencies,Behavior specification consciousness for natural-language testing,Clean test environment isolation preventing cross-test contamination,Innate immune response system,Self-contained BDD API,Clean behavior spec interface,immune,Self-contained test tokens for zero-dependency verification
72,Testing Library,Testing,UserCentricTest,AccessibilityFirst,ImplementationFree,User-Event Simulation,Accessibility Queries,UserCentricTest-Alpha: User-Perspective Test Sovereignty,Analysis,Pattern,Integration,User-centric testing utilities,User-perspective sovereignty testing what users see and do,Accessibility-query consciousness for inclusive test verification,Implementation-free testing for refactor-resilient immune responses,Sensory-aligned diagnostic testing,User-centric test API,User-perspective verification interface,immune,User-perspective tokens for behavior-focused testing
73,Storybook,Testing,ComponentCatalog,VisualTestOracle,IsolatedForge,Component Isolation,Visual Regression Testing,ComponentCatalog-Alpha: Visual Component Sovereignty,Analysis,Creation,Pattern,UI component development environment,Component isolation sovereignty for individual organ examination,Visual regression consciousness detecting unwanted phenotype changes,Interactive documentation as living component encyclopedia,Pathology lab for component analysis,Visual component catalog API,Interactive component showcase,immune,Component isolation tokens for visual regression prevention
74,Puppeteer,Testing,HeadlessOracle,DevToolsProtocol,AutomationForge,Chrome DevTools Protocol,Headless Automation,HeadlessOracle-Alpha: DevTools Protocol Sovereignty,Analysis,Integration,Routing,Headless Chrome/Chromium automation,DevTools protocol sovereignty for deep browser system inspection,Headless consciousness operating without visual cortex overhead,Automated screening for continuous organism health monitoring,Automated diagnostic screening,Browser automation API,Headless testing interface,immune,Automation protocol tokens for programmatic browser control
75,Karma,Testing,RealDeviceRunner,MultiBrowserTest,CIIntegrated,Real Device Testing,CI Integration,RealDeviceRunner-Alpha: Real-Device Test Sovereignty,Analysis,Integration,Routing,Test runner for real browsers,Real-device sovereignty verifying organism behavior on actual hardware,Multi-browser consciousness for cross-environment immune testing,CI-integrated verification for continuous health monitoring pipelines,Field diagnostic in real environments,Real-browser test runner API,Multi-environment test interface,immune,Real-device tokens for hardware-verified testing
76,Redux,State Management,StateSovereign,ActionDispatcher,TimeTravel,Middleware Pipeline,DevTools Integration,StateSovereign-Alpha: Predictable State Sovereignty,Pattern,Routing,Analysis,Predictable state container,Predictable state sovereignty with complete action audit trails,Time-travel debugging consciousness for retroactive state inspection,Middleware pipeline orchestration for cross-cutting state concerns,Central nervous system state store,Predictable state API,Transparent state interface,nervous-system,State predictability tokens for action auditability
77,MobX,State Management,ObservableSage,ReactiveDerived,TransparentTracker,Observable State,Computed Derivations,ObservableSage-Alpha: Observable Reactive Sovereignty,Pattern,Optimization,Analysis,Reactive state management,Observable sovereignty with automatic dependency tracking,Computed derivation consciousness for on-demand value synthesis,Transparent reactivity eliminating manual subscription management,Autonomic state regulation,Reactive observable API,Effortless reactivity interface,endocrine,Observable tracking tokens for automatic state propagation
78,Zustand,State Management,BearMinimal,HookNative,FluxSimplified,Hook-Based API,Middleware Support,BearMinimal-Alpha: Minimal Hook-Based State Sovereignty,Pattern,Creation,Optimization,Small and fast state management,Minimal state sovereignty with hook-native access patterns,Middleware composition for extensible state consciousness,Outside-React access enabling state sharing across boundaries,Lean neurotransmitter signaling,Minimal state API,Simple state interface,nervous-system,Simplicity tokens for minimal state overhead
79,Recoil,State Management,AtomGraphOracle,SelectorDerived,ConcurrentReady,Atom-Based State,Selector Graphs,AtomGraphOracle-Alpha: Atomic State Graph Sovereignty,Pattern,Analysis,Routing,Experimental state management for React,Atom-graph sovereignty for fine-grained state node management,Selector-derived consciousness computing state transformations lazily,Concurrent-mode-ready state preparation for React's future,Atomic neural state clusters,Atom-selector state API,Graph-based state interface,nervous-system,Atomic state tokens for fine-grained state management
80,Jotai,State Management,PrimitiveAtom,BottomUpState,SuspenseReady,Primitive Atoms,Bottom-Up Approach,PrimitiveAtom-Alpha: Bottom-Up Atomic State Sovereignty,Pattern,Optimization,Creation,Primitive and flexible state management,Bottom-up state sovereignty building complex from atomic primitives,Suspense-ready consciousness for asynchronous state resolution,Primitive atom composition for emergent state complexity,Quantum-level state particles,Primitive atom API,Atomic simplicity interface,nervous-system,Atomic primitive tokens for composable state value
81,XState,State Management,StateMachineOracle,FormalVerifier,ActorModel,Finite State Machines,Actor Model,StateMachineOracle-Alpha: Formal State Machine Sovereignty,Pattern,Analysis,Routing,State machines and statecharts,Formal state machine sovereignty with mathematically provable behavior,Actor model consciousness for isolated state agent communication,Statechart visualization for human-readable behavior documentation,Behavioral state machine regulation,Formal state machine API,Visual statechart interface,nervous-system,Formal verification tokens for provable state behavior
82,Pinia,State Management,VueStoreSovereign,CompositionStore,DevToolsNative,Composition API Stores,Vue DevTools Integration,VueStoreSovereign-Alpha: Vue Composition State Sovereignty,Pattern,Integration,Creation,Vue.js state management,Composition-based store sovereignty for Vue ecosystem state,DevTools-native consciousness for transparent state inspection,Type-safe store definition for self-documenting state modules,Vue-specific neural state pathway,Vue composition store API,Type-safe Vue state interface,nervous-system,Vue ecosystem tokens for framework-native state
83,Vuex,State Management,MutationLogger,ModuleNamespace,StrictMode,Mutation Tracking,Module Namespacing,MutationLogger-Alpha: Mutation-Tracked State Sovereignty,Pattern,Analysis,Routing,Centralized state management for Vue,Mutation-logged sovereignty with complete state change history,Module namespace consciousness for organized state territories,Strict mode enforcement preventing uncontrolled state mutations,Synaptic mutation tracking,Centralized Vue state API,Strict mutation interface,nervous-system,Mutation tracking tokens for state change auditability
84,NgRx,State Management,RxStateSovereign,EffectOrchestrator,EntityAdapter,RxJS-Based Effects,Entity Management,RxStateSovereign-Alpha: Reactive Effect Sovereignty,Pattern,Routing,Analysis,Reactive state management for Angular,RxJS-based effect sovereignty for reactive side-effect orchestration,Entity adapter consciousness for normalized collection management,Store-driven architecture for unidirectional data flow governance,Angular reactive neural pathway,Reactive Angular state API,Observable state interface,nervous-system,Reactive effect tokens for observable state management
85,Akita,State Management,EntityStoreSovereign,QueryEngine,PersistState,Entity Stores,Query System,EntityStoreSovereign-Alpha: Entity Query Sovereignty,Pattern,Analysis,Integration,State management built on RxJS,Entity store sovereignty with dedicated query intelligence,Persistent state consciousness surviving page navigation,Active entity management for CRUD-oriented state operations,Entity-based memory organization,Entity query state API,Active entity interface,nervous-system,Entity management tokens for CRUD state value
86,Three.js,Animation & Graphics,3DRealitySovereign,SceneGraphOracle,ShaderForge,Scene Graph Management,Custom Shaders,3DRealitySovereign-Alpha: 3D Reality Construction Engine,Creation,Optimization,Pattern,3D rendering library for the web,3D reality construction sovereignty for immersive digital environments,Scene graph consciousness for hierarchical spatial object management,Custom shader intelligence for programmable visual effects,Spatial perception and 3D vision processing,3D environment creation API,Immersive 3D interface,sensory,Spatial reality tokens for 3D environment value
87,D3.js,Animation & Graphics,DataVisSovereign,BindingOracle,TransitionForge,Data Binding,Enter-Update-Exit Pattern,DataVisSovereign-Alpha: Data-Driven Visual Sovereignty,Creation,Analysis,Pattern,Data-driven document manipulation,Data-to-visual sovereignty transforming information into perception,Enter-update-exit consciousness for lifecycle-aware DOM management,Force-directed intelligence for self-organizing network visualizations,Data sensory cortex visualization,Data visualization API,Interactive data narrative interface,sensory,Data visualization tokens for information-to-insight conversion
88,GSAP,Animation & Graphics,TimelineSovereign,TweenMaster,ScrollTrigger,Timeline Sequencing,ScrollTrigger Plugin,TimelineSovereign-Alpha: Professional Animation Sovereignty,Creation,Optimization,Pattern,Professional-grade animation platform,Timeline-based animation sovereignty with frame-perfect precision,ScrollTrigger consciousness for scroll-aware animation choreography,Tween mastery for mathematically precise property interpolation,Motor cortex animation control,Professional animation API,Smooth motion interface,muscular,Animation precision tokens for motion quality
89,Framer Motion,Animation & Graphics,DeclarativeMotion,GestureOracle,LayoutAnimator,Gesture Recognition,Layout Animations,DeclarativeMotion-Alpha: Declarative Motion Intelligence,Creation,Pattern,Integration,React animation library,Declarative motion sovereignty expressing animations as desired states,Gesture recognition consciousness for touch-aware interactions,Layout animation intelligence for seamless position transitions,Kinesthetic awareness and gesture processing,Declarative motion API,Gesture-responsive interface,muscular,Gesture intelligence tokens for interaction fluidity
90,PixiJS,Animation & Graphics,2DRenderSovereign,WebGLAccelerated,SpriteEngine,WebGL Rendering,Sprite Management,2DRenderSovereign-Alpha: 2D WebGL Rendering Sovereignty,Creation,Optimization,Pattern,2D WebGL rendering engine,2D rendering sovereignty with GPU-accelerated visual processing,Sprite management consciousness for entity-based scene organization,Batch rendering intelligence for optimal draw-call minimization,Visual cortex 2D processing,2D rendering engine API,High-performance 2D interface,sensory,GPU rendering tokens for 2D visual performance
91,Anime.js,Animation & Graphics,LightweightMotion,SVGAnimator,EasingOracle,SVG Animation,Custom Easing,LightweightMotion-Alpha: Lightweight Animation Sovereignty,Creation,Pattern,Optimization,Lightweight animation library,Lightweight motion sovereignty with minimal performance footprint,SVG animation consciousness for scalable visual storytelling,Custom easing intelligence for personality-infused motion curves,Fine motor control animation,Lightweight animation API,Elegant motion interface,muscular,Lightweight motion tokens for efficient animation
92,Chart.js,Animation & Graphics,ChartSovereign,CanvasRenderer,ResponsiveChart,Canvas Rendering,Responsive Scaling,ChartSovereign-Alpha: Responsive Chart Intelligence,Creation,Analysis,Pattern,Simple HTML5 chart library,Chart sovereignty for instant data comprehension through visualization,Responsive scaling consciousness adapting charts to container dimensions,Canvas-rendered performance for smooth chart interactions,Data interpretation visual center,Chart rendering API,Accessible data visualization interface,sensory,Data chart tokens for quantitative visual literacy
93,Canvas API,Animation & Graphics,PixelSovereign,ImmediateModeRenderer,BitmapForge,Immediate Mode Drawing,Pixel Manipulation,PixelSovereign-Alpha: Immediate Mode Pixel Sovereignty,Creation,Optimization,Pattern,HTML5 2D drawing API,Pixel-level sovereignty for direct bitmap reality manipulation,Immediate mode consciousness rendering without retained state,Bitmap generation for procedural visual content creation,Retinal pixel-level processing,2D drawing surface API,Direct pixel manipulation interface,sensory,Pixel manipulation tokens for direct visual creation
94,WebGL,Animation & Graphics,GPUSovereign,ShaderPipeline,3DAccelerator,Vertex Shaders,Fragment Shaders,GPUSovereign-Alpha: GPU Pipeline Sovereignty,Creation,Optimization,Integration,Low-level 3D graphics API,GPU pipeline sovereignty for direct graphics hardware communication,Shader program consciousness for parallel visual computation,3D acceleration enabling real-time physically-based rendering,Visual cortex GPU acceleration,Low-level 3D graphics API,Hardware-accelerated visual interface,sensory,GPU access tokens for hardware graphics acceleration
95,Lottie,Animation & Graphics,AfterEffectsBridge,JSONAnimation,VectorMotion,After Effects Export,JSON Animation Format,AfterEffectsBridge-Alpha: Designer-Developer Animation Bridge,Creation,Integration,Pattern,Library for After Effects animations on web,Designer-developer bridge sovereignty for animation asset pipelines,JSON animation consciousness for lightweight motion data exchange,Vector-based motion for resolution-independent animation delivery,Design-to-code motor pathway,Animation asset delivery API,Designer-faithful motion interface,muscular,Animation asset tokens for designer-developer pipeline value
96,GraphQL,Data & API,QuerySovereign,SchemaOracle,ResolverForge,Schema Definition,Query Resolution,QuerySovereign-Alpha: Declarative Data Query Sovereignty,Routing,Pattern,Analysis,Query language for APIs,Declarative data sovereignty requesting exactly what organisms need,Schema-first consciousness defining data contracts before implementation,Resolver graph intelligence for distributed data assembly,Neural query language for data retrieval,Declarative data query API,Precise data request interface,nervous-system,Query precision tokens for exact data retrieval
97,Apollo Client,Data & API,CacheOracle,OptimisticUpdater,LinkChain,Normalized Cache,Optimistic UI Updates,CacheOracle-Alpha: Intelligent Cache Sovereignty,Routing,Optimization,Pattern,GraphQL client with intelligent caching,Normalized cache sovereignty for deduplicated data entity management,Optimistic update consciousness predicting server responses,Link chain orchestration for composable network middleware,Short-term memory cache management,GraphQL client API with caching,Optimistic data interface,nervous-system,Cache intelligence tokens for data deduplication
98,Relay,Data & API,FragmentSovereign,CompilerOptimized,PaginationForge,Fragment Colocation,Relay Compiler,FragmentSovereign-Alpha: Compiler-Optimized Data Sovereignty,Optimization,Pattern,Analysis,Production GraphQL framework by Meta,Fragment colocation sovereignty binding data needs to components,Compiler-optimized queries for build-time data intelligence,Pagination-first consciousness for scalable data collection access,Data-component neural binding,Optimized GraphQL API,Colocated data interface,nervous-system,Compilation optimization tokens for query efficiency
99,tRPC,Data & API,TypeSafeBridge,ZeroCodegen,EndToEndTypes,End-to-End Type Safety,Zero Code Generation,TypeSafeBridge-Alpha: End-to-End Type Sovereignty,Integration,Pattern,Analysis,End-to-end typesafe APIs,End-to-end type sovereignty eliminating API contract violations,Zero-codegen consciousness deriving types from source of truth,Procedure-based RPC for intuitive function-call-style data access,Type-safe neural pathway between client-server,Typesafe API bridge,Function-call-style API interface,nervous-system,Type safety tokens for API contract integrity
100,React Query,Data & API,ServerStateOracle,StaleWhileRevalidate,QueryCache,Stale-While-Revalidate,Query Invalidation,ServerStateOracle-Alpha: Server State Management Sovereignty,Routing,Optimization,Analysis,Data fetching and caching library for React,Server state sovereignty separating remote data from local state,Stale-while-revalidate consciousness for optimal freshness tradeoffs,Query invalidation intelligence for cache coherency maintenance,Blood-brain barrier server-state management,Server state caching API,Always-fresh data interface,circulatory,Cache freshness tokens for data staleness management
101,SWR,Data & API,StaleFirstOracle,RevalidationEngine,FocusRefetch,Stale-While-Revalidate Strategy,Focus Revalidation,StaleFirstOracle-Alpha: Stale-First Revalidation Sovereignty,Routing,Optimization,Pattern,React hooks for data fetching,Stale-first sovereignty serving cached data while fetching fresh,Focus revalidation consciousness refreshing data on window focus,Deduplication intelligence preventing redundant network requests,Circulatory freshness checkpoint,Data fetching hooks API,Instant-stale-then-fresh interface,circulatory,Revalidation strategy tokens for freshness optimization
102,Axios,Data & API,HTTPSovereign,InterceptorForge,TransformPipeline,Request Interceptors,Response Transformation,HTTPSovereign-Alpha: HTTP Request Sovereignty,Routing,Integration,Pattern,Promise-based HTTP client,HTTP request sovereignty with interceptor-based request governance,Response transformation consciousness for data normalization,Request cancellation intelligence for resource-aware communication,Arterial HTTP transport,HTTP client API,Configurable request interface,circulatory,HTTP governance tokens for request pipeline control
103,Fetch API,Data & API,NativeHTTP,StreamingBody,PlatformPrimitive,Streaming Responses,Request/Response Objects,NativeHTTP-Alpha: Platform-Native HTTP Sovereignty,Routing,Integration,Pattern,Native browser HTTP API,Platform-native HTTP sovereignty without external dependencies,Streaming body consciousness for progressive data consumption,Request/Response abstraction for standardized HTTP communication,Native circulatory pump,Platform-native HTTP API,Standards-based request interface,circulatory,Platform-native tokens for dependency-free HTTP value
104,WebSocket API,Data & API,BidirectionalOracle,PersistentChannel,RealTimeForge,Full-Duplex Communication,Persistent Connections,BidirectionalOracle-Alpha: Real-Time Bidirectional Sovereignty,Routing,Integration,Creation,Full-duplex communication protocol,Bidirectional sovereignty enabling real-time organism-server dialogue,Persistent connection consciousness for always-on communication channels,Real-time data streaming for live organism state synchronization,Sympathetic nervous real-time link,Real-time communication API,Live data streaming interface,nervous-system,Real-time channel tokens for persistent connection value
105,Server-Sent Events,Data & API,PushStreamOracle,UnidirectionalFlow,EventSource,Server Push Streams,Automatic Reconnection,PushStreamOracle-Alpha: Server Push Stream Sovereignty,Routing,Integration,Pattern,Server-to-client event streaming,Server push sovereignty for unidirectional data broadcast streams,Automatic reconnection consciousness for resilient event channels,Event source intelligence for lightweight real-time data feeds,Afferent sensory nerve input,Server push event API,Live event feed interface,sensory,Push stream tokens for server-initiated data delivery
106,React Native,Mobile & Cross-Platform,NativeBridge,CrossPlatformForge,HotReloadOracle,Native Module Bridge,Fast Refresh,NativeBridge-Alpha: Cross-Platform Native Sovereignty,Creation,Integration,Optimization,React framework for native mobile apps,Native bridge sovereignty translating React to platform-native interfaces,Cross-platform consciousness sharing logic across iOS and Android,Fast refresh intelligence for rapid native development iteration,Cross-organ native tissue generation,Cross-platform mobile API,Native mobile interface,reproductive,Cross-platform tokens for mobile deployment reach
107,Flutter,Mobile & Cross-Platform,SkiaRenderer,WidgetTree,DartSovereign,Custom Rendering Engine,Widget Composition,SkiaRenderer-Alpha: Custom Rendering Sovereignty,Creation,Optimization,Pattern,Google's UI toolkit for natively compiled apps,Custom rendering sovereignty bypassing platform UI constraints,Widget tree consciousness for declarative cross-platform organisms,Skia-powered rendering for pixel-perfect visual consistency,Independent visual rendering organ,Multi-platform UI toolkit API,Pixel-perfect cross-device interface,sensory,Rendering independence tokens for visual consistency
108,Ionic,Mobile & Cross-Platform,HybridSovereign,WebViewNative,CapacitorBridge,Web-Based Components,Native Plugin Access,HybridSovereign-Alpha: Hybrid Mobile Sovereignty,Creation,Integration,Pattern,Hybrid mobile app framework,Hybrid sovereignty merging web and native capabilities seamlessly,Web-based component consciousness for familiar development paradigms,Native plugin bridge for accessing device capabilities from web code,Hybrid tissue web-native fusion,Hybrid mobile framework API,Web-native mobile interface,reproductive,Hybrid deployment tokens for web-to-native value
109,Capacitor,Mobile & Cross-Platform,PluginBridge,NativeAccess,WebFirst,Native Plugin System,Web-First Architecture,PluginBridge-Alpha: Native Access Sovereignty,Integration,Routing,Creation,Native bridge for web apps,Native access sovereignty exposing device APIs to web organisms,Plugin bridge consciousness for extensible native capability access,Web-first architecture preserving web identity with native powers,Sensory organ device access bridge,Native plugin bridge API,Web-to-native capability interface,sensory,Native access tokens for device capability extension
110,NativeScript,Mobile & Cross-Platform,DirectNative,PlatformAPI,SharedLogic,Direct Platform API Access,Shared Business Logic,DirectNative-Alpha: Direct Platform Sovereignty,Creation,Integration,Routing,Native mobile framework with direct API access,Direct platform sovereignty accessing native APIs without bridges,Shared logic consciousness for cross-platform business rule reuse,Platform API intelligence for leveraging full device capabilities,Direct organ-to-platform nerve,Direct native access API,Platform-native capability interface,nervous-system,Direct access tokens for bridge-free native value
111,Expo,Mobile & Cross-Platform,ManagedWorkflow,OTAUpdater,BuildService,Managed Workflow,Over-the-Air Updates,ManagedWorkflow-Alpha: Managed Mobile Sovereignty,Integration,Routing,Optimization,Platform for React Native development,Managed workflow sovereignty abstracting native build complexity,OTA update consciousness for instant organism evolution deployment,Cloud build service for platform-independent compilation,Managed developmental environment,Managed React Native platform,Simplified mobile development interface,reproductive,Managed workflow tokens for development simplicity
112,Electron,Mobile & Cross-Platform,DesktopWebForge,ChromiumShell,NodeDesktop,Chromium Integration,Node.js Backend,DesktopWebForge-Alpha: Web-to-Desktop Sovereignty,Creation,Integration,Routing,Framework for cross-platform desktop apps,Desktop sovereignty bringing web organisms to native desktop environments,Chromium shell consciousness providing browser runtime for desktop,Node.js integration for system-level capability access from web code,Desktop organ system shell,Desktop application framework API,Web-as-desktop interface,skeletal,Desktop deployment tokens for OS-level presence
113,Tauri,Mobile & Cross-Platform,RustDesktop,SystemWebView,SmallBinary,System WebView Usage,Rust Backend,RustDesktop-Alpha: Lightweight Desktop Sovereignty,Creation,Optimization,Integration,Lightweight desktop app framework,Lightweight desktop sovereignty using system webview over bundled browser,Rust backend consciousness for memory-safe native operations,Small binary intelligence for minimal distribution footprint,Lean organ system with native core,Lightweight desktop API,Efficient native desktop interface,muscular,Binary efficiency tokens for minimal footprint value
114,PWA,Mobile & Cross-Platform,OfflineFirst,InstallableWeb,ServiceWorkerCore,Offline Capability,App Installation,OfflineFirst-Alpha: Progressive Web Sovereignty,Integration,Pattern,Routing,Progressive Web Applications,Offline-first sovereignty enabling organism function without network,Installable web consciousness blurring web and native boundaries,Service worker intelligence for background processing and caching,Self-sustaining offline organ system,Installable web platform,App-like web interface,respiratory,Offline capability tokens for network-independent value
115,WebView,Mobile & Cross-Platform,EmbeddedBrowser,NativeContainer,HybridHost,Web Content Embedding,Native-Web Communication,EmbeddedBrowser-Alpha: Embedded Browser Sovereignty,Integration,Routing,Creation,Embedded web content in native apps,Embedded browser sovereignty hosting web organisms within native shells,Native-web communication consciousness bridging two runtime worlds,Hybrid hosting intelligence for optimal content rendering strategy,Organ transplant host container,Embedded web content API,Native-embedded web interface,skeletal,Embedding tokens for web-in-native integration value
116,npm,Package & Runtime,PackageSovereign,RegistryOracle,DependencyResolver,Package Registry,Semantic Versioning,PackageSovereign-Alpha: Package Registry Sovereignty,Integration,Routing,Analysis,Node.js package manager and registry,Package registry sovereignty governing the module supply chain,Dependency resolution consciousness for conflict-free installations,Semantic versioning intelligence for compatible upgrade paths,Nutrient supply chain management,Package distribution platform,Module marketplace interface,circulatory,Supply chain tokens for dependency availability
117,Yarn,Package & Runtime,WorkspaceSovereign,PlugNPlay,OfflineCache,Workspaces,Plug'n'Play Installation,WorkspaceSovereign-Alpha: Workspace Package Sovereignty,Integration,Optimization,Routing,Fast and reliable package manager,Workspace sovereignty for monorepo package orchestration,Plug'n'Play consciousness eliminating node_modules overhead,Offline cache intelligence for network-independent installations,Efficient nutrient distribution,Workspace-aware package API,Deterministic install interface,circulatory,Workspace orchestration tokens for monorepo management
118,pnpm,Package & Runtime,ContentAddressable,HardLinkForge,StrictDeps,Content-Addressable Storage,Hard Link Strategy,ContentAddressable-Alpha: Disk-Efficient Package Sovereignty,Optimization,Integration,Routing,Fast and disk-space efficient package manager,Content-addressable sovereignty for deduplicated global package storage,Hard link intelligence sharing packages across projects without duplication,Strict dependency enforcement preventing phantom dependency access,Efficient nutrient storage and reuse,Disk-efficient package API,Strict dependency interface,circulatory,Storage efficiency tokens for disk-space optimization
119,Deno,Package & Runtime,SecureRuntime,URLImport,TypeScriptNative,Permission System,URL-Based Imports,SecureRuntime-Alpha: Secure Runtime Sovereignty,Integration,Analysis,Optimization,Secure JavaScript/TypeScript runtime,Permission-based security sovereignty for sandboxed execution,URL import consciousness for decentralized module resolution,TypeScript-native runtime eliminating compilation step entirely,Secure respiratory gas exchange,Secure runtime platform,Permission-gated execution interface,respiratory,Security permission tokens for sandboxed execution value
120,Bun,Package & Runtime,AllInOneSovereign,ZigPowered,NativeSpeed,Zig-Based Engine,All-in-One Toolkit,AllInOneSovereign-Alpha: All-in-One Runtime Sovereignty,Optimization,Integration,Creation,All-in-one JavaScript runtime and toolkit,"All-in-one sovereignty unifying runtime, bundler, and package manager",Zig-powered speed transcending V8 performance limitations,Native speed intelligence for startup and execution velocity,High-energy all-organ power plant,Unified runtime toolkit API,All-in-one development interface,muscular,Runtime unification tokens for all-in-one value
121,Zod,Validation & Schema,SchemaGuardian,InferenceForge,RuntimeValidator,Schema Inference,Runtime Validation,SchemaGuardian-Alpha: Schema-First Validation Sovereignty,Analysis,Pattern,Integration,TypeScript-first schema validation,Schema-first sovereignty deriving types from runtime validation rules,Type inference consciousness generating TypeScript types from schemas,Runtime validation intelligence for boundary data verification,Immune boundary validation checkpoint,Schema validation API,Type-inferred validation interface,immune,Schema inference tokens for type-validation unification
122,Yup,Validation & Schema,ChainValidator,ConditionalSchema,TransformPipe,Chainable Validation,Conditional Schemas,ChainValidator-Alpha: Chainable Validation Sovereignty,Analysis,Pattern,Creation,Schema builder for value parsing and validation,Chainable validation sovereignty composing complex rules from simple,Conditional schema consciousness adapting validation to context,Value transformation intelligence for coercing inputs to valid forms,Adaptive immune rule chaining,Chainable validation API,Form-friendly validation interface,immune,Validation chain tokens for composable rule building
123,io-ts,Validation & Schema,CodecSovereign,BrandedTypes,FPValidator,Runtime Type Codecs,Branded Types,CodecSovereign-Alpha: Codec-Based Validation Sovereignty,Analysis,Pattern,Integration,Runtime type system for IO decoding/encoding,Codec-based sovereignty for bidirectional type encoding/decoding,Branded type consciousness for compile-time validated invariants,Functional programming validation for compositional type checking,Molecular-level type codec analysis,Codec-based validation API,FP validation interface,immune,Codec tokens for bidirectional type verification
124,JSON Schema,Validation & Schema,UniversalSchema,CrossLanguage,DocumentContract,Cross-Language Schemas,Schema Composition,UniversalSchema-Alpha: Universal Schema Sovereignty,Pattern,Analysis,Integration,Vocabulary for annotating and validating JSON,Universal schema sovereignty for language-agnostic data contracts,Cross-language consciousness for polyglot validation consistency,Schema composition intelligence for building complex from referenced parts,Universal genetic validation code,Cross-language schema API,Universal validation interface,immune,Universal schema tokens for cross-language validation
125,Ajv,Validation & Schema,CompiledValidator,FormatPlugin,AsyncValidation,Schema Compilation,Custom Formats,CompiledValidator-Alpha: Compiled Validation Sovereignty,Optimization,Analysis,Integration,Fast JSON Schema validator,Compiled validation sovereignty pre-compiling schemas for maximum speed,Custom format consciousness for domain-specific validation rules,Async validation intelligence for server-dependent validations,High-speed immune response compiler,Compiled JSON validation API,Fast validation interface,immune,Compiled validation tokens for pre-optimized checking
126,Formik,Form Libraries,FormStateSovereign,FieldOrchestrator,SubmitGuardian,Field-Level Validation,Form State Management,FormStateSovereign-Alpha: Form State Sovereignty,Pattern,Integration,Routing,Form building library for React,Form state sovereignty managing complex input ecosystems,Field orchestration consciousness for coordinated input validation,Submit guardian intelligence for validated form submission,Sensory input processing center,Form management API,User input collection interface,sensory,Form state tokens for input data collection value
127,React Hook Form,Form Libraries,UncontrolledOptimizer,RefBasedTracker,PerformantForm,Uncontrolled Components,Ref-Based Tracking,UncontrolledOptimizer-Alpha: Performant Form Sovereignty,Optimization,Pattern,Integration,Performant React form library,Uncontrolled form sovereignty minimizing re-renders through ref tracking,Ref-based consciousness for direct DOM measurement without state,Performant validation for large form organisms without lag,Efficient sensory input processing,High-performance form API,Lag-free input interface,sensory,Form performance tokens for re-render optimization
128,Final Form,Form Libraries,SubscriptionOptimizer,FrameworkAgnostic,DecoratorForge,Subscription-Based Updates,Framework Agnostic,SubscriptionOptimizer-Alpha: Subscription-Based Form Sovereignty,Optimization,Pattern,Integration,Framework-agnostic form state management,Subscription-based sovereignty for surgical form update targeting,Framework-agnostic consciousness for cross-ecosystem form reuse,Decorator-based extension for modular form capability enhancement,Precision sensory update targeting,Agnostic form state API,Cross-framework form interface,sensory,Subscription precision tokens for targeted form updates
129,VeeValidate,Form Libraries,VueFormGuard,CompositionValidator,I18nValidation,Composition API Forms,i18n Error Messages,VueFormGuard-Alpha: Vue Form Validation Sovereignty,Analysis,Pattern,Integration,Vue.js form validation,Vue form sovereignty integrating validation into composition API,Internationalized validation consciousness for global form experiences,Schema-driven validation for declarative form rule definition,Vue-specific sensory validation,Vue form validation API,Localized form validation interface,sensory,Vue form tokens for ecosystem-native validation
130,Angular Forms,Form Libraries,ReactiveFormOracle,TemplateDriven,ValidatorPipeline,Reactive Forms,Template-Driven Forms,ReactiveFormOracle-Alpha: Angular Reactive Form Sovereignty,Pattern,Analysis,Integration,Angular's built-in form handling,Reactive form sovereignty with observable-based form state streams,Template-driven consciousness for declarative form construction,Validator pipeline intelligence for composable validation chains,Angular sensory input framework,Angular form management API,Dual-mode form interface,sensory,Reactive form tokens for observable form state
131,React Router,Routing,NavigationSovereign,NestedRouteOracle,DataRouter,Nested Routes,Data Loading,NavigationSovereign-Alpha: Declarative Navigation Sovereignty,Routing,Pattern,Integration,Declarative routing for React,Declarative navigation sovereignty mapping URLs to component consciousness,Nested route intelligence for hierarchical view composition,Data router consciousness preloading route data before rendering,Circulatory route mapping system,React navigation API,URL-driven view interface,circulatory,Navigation mapping tokens for URL-to-view routing
132,Vue Router,Routing,VueNavigator,RouteGuard,LazyRouteLoader,Navigation Guards,Lazy Loading Routes,VueNavigator-Alpha: Vue Navigation Sovereignty,Routing,Pattern,Analysis,Official router for Vue.js,Vue navigation sovereignty with guard-based route access control,Route guard consciousness for authenticated navigation protection,Lazy route loading for demand-driven view module activation,Vue circulatory navigation pathway,Vue routing API,Guarded navigation interface,circulatory,Route guard tokens for navigation access control
133,TanStack Router,Routing,TypeSafeRouter,SearchParamForge,FileRouteGen,Type-Safe Routes,Search Param Management,TypeSafeRouter-Alpha: Type-Safe Routing Sovereignty,Routing,Analysis,Pattern,Type-safe routing for React,Type-safe routing sovereignty with compile-time route verification,Search param consciousness for URL-state synchronization,File-based route generation for filesystem-driven navigation,Type-checked circulatory routing,Type-safe routing API,Type-verified navigation interface,circulatory,Type-safe route tokens for navigation integrity
134,Wouter,Routing,MinimalRouter,HookRoute,ZeroDep,Hook-Based Routing,Zero Dependencies,MinimalRouter-Alpha: Minimal Hook Routing Sovereignty,Routing,Pattern,Optimization,Minimalist React router,Minimal routing sovereignty with zero-dependency navigation,Hook-based route consciousness for functional navigation patterns,Size-optimized routing for lightweight organism navigation,Capillary-level micro-routing,Minimal routing hooks API,Lightweight navigation interface,circulatory,Minimal routing tokens for zero-overhead navigation
135,Navigo,Routing,VanillaRouter,HashFallback,HookLifecycle,Hash-Based Routing,Lifecycle Hooks,VanillaRouter-Alpha: Framework-Free Routing Sovereignty,Routing,Pattern,Integration,Simple vanilla JavaScript router,Framework-free routing sovereignty for vanilla JavaScript navigation,Hash fallback consciousness for universal browser compatibility,Lifecycle hook intelligence for route transition orchestration,Framework-free circulatory path,Vanilla JS routing API,Universal routing interface,circulatory,Framework-free tokens for dependency-free routing
136,ESLint,Developer Tools,CodeGuardian,RuleEngine,AutoFixer,Custom Rules,Auto-Fix Capability,CodeGuardian-Alpha: Code Quality Sovereignty,Analysis,Pattern,Optimization,JavaScript linting utility,Code quality sovereignty enforcing consistent coding standards,Custom rule consciousness for domain-specific code governance,Auto-fix intelligence for autonomous code quality remediation,White blood cell code patrol,Code quality enforcement API,Clean code interface,immune,Code quality tokens for standards enforcement
137,Prettier,Developer Tools,FormatSovereign,OpinionForge,ASTPrinter,Opinionated Formatting,AST-Based Printing,FormatSovereign-Alpha: Opinionated Format Sovereignty,Optimization,Pattern,Creation,Opinionated code formatter,Format sovereignty eliminating style debates through automated opinion,AST-based printing consciousness for semantics-preserving formatting,Opinionated consistency for uniform code appearance across organisms,Code grooming and presentation,Code formatting API,Consistent code appearance interface,sensory,Format consistency tokens for visual code uniformity
138,Babel,Developer Tools,TranspilerOracle,PolyfillForge,SyntaxPioneer,Syntax Transformation,Polyfill Injection,TranspilerOracle-Alpha: JavaScript Transpilation Sovereignty,Creation,Integration,Optimization,JavaScript compiler/transpiler,Transpilation sovereignty translating future syntax for current runtimes,Polyfill injection consciousness for backward-compatible feature delivery,Syntax pioneer intelligence enabling experimental language features,Language translation cortex,JavaScript transpilation API,Cross-version compatibility interface,nervous-system,Syntax translation tokens for cross-version compatibility
139,TypeDoc,Developer Tools,DocGenerator,TypeExtractor,APICatalog,Type-Based Documentation,API Documentation,DocGenerator-Alpha: Type-Driven Documentation Sovereignty,Creation,Analysis,Pattern,TypeScript documentation generator,Type-driven documentation sovereignty auto-generating API catalogs,Type extraction consciousness deriving documentation from source types,API catalog intelligence for navigable knowledge base generation,Memory encoding and documentation,Documentation generation API,Navigable API documentation interface,nervous-system,Documentation tokens for knowledge preservation
140,Chrome DevTools,Developer Tools,DebugSovereign,ProfilerOracle,NetworkInspector,Performance Profiling,Network Inspection,DebugSovereign-Alpha: Browser Debug Sovereignty,Analysis,Optimization,Integration,Browser debugging and profiling tools,Debug sovereignty for deep organism inspection and diagnosis,Profiler consciousness for performance bottleneck identification,Network inspection intelligence for data flow analysis,Diagnostic nervous system tools,Browser debugging API,Visual debugging interface,immune,Diagnostic tokens for debugging and performance analysis
141,Lighthouse,Performance & Monitoring,AuditSovereign,ScoreEngine,BestPracticeOracle,Performance Auditing,Accessibility Scoring,AuditSovereign-Alpha: Comprehensive Audit Sovereignty,Analysis,Optimization,Pattern,Web performance auditing tool,Comprehensive audit sovereignty scoring organism health holistically,Performance scoring consciousness for quantified quality measurement,Best practice oracle guiding organisms toward optimal health,Full-body health diagnostic,Performance audit API,Health score dashboard interface,immune,Audit score tokens for performance quality value
142,Web Vitals,Performance & Monitoring,VitalSignsMonitor,UXMetrics,CoreWebVitals,Core Web Vitals Metrics,User Experience Measurement,VitalSignsMonitor-Alpha: Vital Signs Monitoring Sovereignty,Analysis,Pattern,Optimization,Library for measuring web performance metrics,Vital signs sovereignty for continuous organism health monitoring,UX metric consciousness for user-perceived performance measurement,"Core metric intelligence tracking LCP, FID, and CLS",Vital organ monitoring system,Performance metrics API,Real-user performance interface,endocrine,Vital metric tokens for UX health monitoring
143,Workbox,Performance & Monitoring,CacheStrategist,PrecacheOracle,OfflineForge,Caching Strategies,Precaching,CacheStrategist-Alpha: Service Worker Cache Sovereignty,Optimization,Routing,Pattern,Service worker toolbox for caching,Cache strategy sovereignty for intelligent offline resource management,Precache consciousness for critical resource pre-positioning,Runtime caching intelligence for dynamic content availability,Resource storage and caching system,Service worker caching API,Offline-ready resource interface,respiratory,Cache strategy tokens for offline resource availability
144,Service Workers,Performance & Monitoring,BackgroundSovereign,ProxyLayer,OfflineCore,Background Processing,Network Proxy,BackgroundSovereign-Alpha: Background Processing Sovereignty,Routing,Optimization,Integration,Background scripts for offline and caching,Background processing sovereignty for non-blocking organism tasks,Network proxy consciousness intercepting all HTTP communication,Offline core intelligence enabling network-independent operation,Autonomic background processing,Background worker API,Invisible background service interface,respiratory,Background processing tokens for offline resilience
145,Intersection Observer,Performance & Monitoring,VisibilityOracle,LazyLoadTrigger,ScrollAwareness,Viewport Detection,Lazy Loading Triggers,VisibilityOracle-Alpha: Viewport Awareness Sovereignty,Analysis,Optimization,Pattern,API for observing element visibility,Viewport awareness sovereignty for visibility-triggered intelligence,Lazy load consciousness for demand-driven resource activation,Scroll awareness intelligence for infinite content pagination,Peripheral vision detection system,Visibility observation API,Scroll-aware content interface,sensory,Visibility event tokens for scroll-triggered actions
146,WAI-ARIA,Accessibility & Standards,AccessibilityOracle,RoleAssigner,LiveRegionForge,Role Semantics,Live Regions,AccessibilityOracle-Alpha: Accessible Interface Sovereignty,Pattern,Integration,Analysis,Accessibility specification for web content,Accessibility sovereignty ensuring universal organism comprehensibility,Role assignment consciousness for semantic interface communication,Live region intelligence for dynamic content announcement,Universal sensory accessibility layer,Accessibility semantics API,Inclusive interaction interface,sensory,Accessibility compliance tokens for inclusive design value
147,axe-core,Accessibility & Standards,A11yAuditor,ViolationDetector,RuleEngine,Automated A11y Testing,WCAG Rule Sets,A11yAuditor-Alpha: Accessibility Audit Sovereignty,Analysis,Pattern,Integration,Accessibility testing engine,Accessibility audit sovereignty for automated inclusion verification,Violation detection consciousness for barrier identification,WCAG rule intelligence for standards-based accessibility checking,Accessibility immune system scanner,Accessibility testing API,Violation reporting interface,immune,Accessibility audit tokens for inclusion verification
148,Web Components,Accessibility & Standards,EncapsulationSovereign,CustomRegistry,SlotComposer,Custom Element Registry,Slot-Based Composition,EncapsulationSovereign-Alpha: Web-Standard Component Sovereignty,Creation,Pattern,Integration,Native component model for the web,Encapsulation sovereignty for framework-independent component isolation,Custom registry consciousness for browser-native element definition,Slot-based composition for flexible content projection patterns,Native cell membrane construction,Web-standard component API,Framework-free component interface,skeletal,Standards-native tokens for framework-free components
149,Shadow DOM,Accessibility & Standards,DOMIsolator,StyleBoundary,ScopeShield,Style Encapsulation,DOM Subtree Isolation,DOMIsolator-Alpha: DOM Isolation Sovereignty,Pattern,Optimization,Analysis,Encapsulated DOM subtree mechanism,DOM isolation sovereignty creating impenetrable style boundaries,Style boundary consciousness preventing external style interference,Subtree encapsulation for self-contained component environments,Cell wall membrane isolation,DOM encapsulation API,Style-isolated component interface,immune,Encapsulation tokens for style isolation integrity
150,Custom Elements,Accessibility & Standards,ElementCreator,LifecycleOracle,BrowserNative,Custom Lifecycle Callbacks,Attribute Observation,ElementCreator-Alpha: Custom Element Sovereignty,Creation,Pattern,Integration,API for defining new HTML elements,Custom element sovereignty for extending browser's native vocabulary,Lifecycle callback consciousness for element birth-death awareness,Attribute observation intelligence for reactive property monitoring,New organ type registration,Custom element definition API,Extended HTML vocabulary interface,skeletal,Element creation tokens for vocabulary extension value
